Img_Name,Actual_Label,Original_Score,Original_Label,Quality_012_Score,Quality_012_Label,Quality_025_Score,Quality_025_Label,Quality_050_Score,Quality_050_Label,Quality_075_Score,Quality_075_Label,Quality_100_Score,Quality_100_Label
1597.png,real,-5.105292797088623,real,0.10394193232059479,fake,-1.25051748752594,real,-1.2399518489837646,real,-1.6543877124786377,real,-4.492859840393066,real
1971.png,real,-6.876851558685303,real,0.8853395581245422,fake,-0.21018078923225403,real,-1.1492828130722046,real,-1.9840017557144165,real,-3.8735198974609375,real
3381.png,real,-7.421809196472168,real,2.042041301727295,fake,1.355323076248169,fake,-1.1196852922439575,real,-1.996179223060608,real,-4.982546329498291,real
1446.png,real,-5.134038925170898,real,0.5379491448402405,fake,0.21074452996253967,fake,0.4431077241897583,fake,-0.32818204164505005,real,-4.0154523849487305,real
2590.png,real,-4.540376663208008,real,0.9016417860984802,fake,-0.5567339658737183,real,-1.1006627082824707,real,-1.7547142505645752,real,-2.3620145320892334,real
4362.png,real,-4.5595502853393555,real,0.9734647870063782,fake,0.0753970742225647,fake,-0.7003007531166077,real,-1.2479673624038696,real,-2.3917083740234375,real
2139.png,real,-6.378414630889893,real,1.4135509729385376,fake,-0.5138817429542542,real,-0.5037251114845276,real,-1.3746262788772583,real,-2.85141658782959,real
1302.png,real,-5.076194763183594,real,0.8074558973312378,fake,0.30574169754981995,fake,-0.21627958118915558,real,-0.590801477432251,real,-2.338688373565674,real
1702.png,real,-8.724002838134766,real,1.2818723917007446,fake,0.6409841775894165,fake,0.14316760003566742,fake,-0.6018800139427185,real,-3.4835636615753174,real
2722.png,real,-5.398411750793457,real,1.0808451175689697,fake,-0.10854587703943253,real,-1.5123567581176758,real,-2.132861375808716,real,-4.224020004272461,real
4747.png,real,-3.5833017826080322,real,1.8461651802062988,fake,0.8698947429656982,fake,0.33907660841941833,fake,-0.26918861269950867,real,-1.2835912704467773,real
2602.png,real,-0.49299725890159607,real,1.1833250522613525,fake,0.6866530179977417,fake,0.04618002846837044,fake,-0.29777365922927856,real,-0.3378097712993622,real
2867.png,real,-6.680535793304443,real,0.9737163782119751,fake,-0.7733724117279053,real,-2.0576181411743164,real,-3.0964467525482178,real,-5.207677841186523,real
1308.png,real,-5.844687461853027,real,0.5075790286064148,fake,0.13928480446338654,fake,-0.5142449140548706,real,-1.568424940109253,real,-4.321426868438721,real
4451.png,real,-6.20382022857666,real,1.6212620735168457,fake,0.11827650666236877,fake,-1.126182198524475,real,-2.1689352989196777,real,-3.4318957328796387,real
1277.png,real,-4.867389678955078,real,1.3020063638687134,fake,0.5186744332313538,fake,-0.1349407285451889,real,-0.51587975025177,real,-2.8646371364593506,real
5073.png,real,-2.1528239250183105,real,1.3118816614151,fake,0.8704091310501099,fake,0.5302402973175049,fake,0.22967779636383057,fake,-1.0347644090652466,real
4593.png,real,-8.641080856323242,real,1.231973648071289,fake,-0.8468368053436279,real,-2.586768627166748,real,-3.47361421585083,real,-5.603061676025391,real
5103.png,real,-2.461988687515259,real,0.6992060542106628,fake,0.18875765800476074,fake,0.1395719200372696,fake,-0.2091960906982422,real,-1.5753183364868164,real
3086.png,real,-5.571033477783203,real,1.2519925832748413,fake,-0.31854376196861267,real,-0.6434884071350098,real,-1.4294556379318237,real,-3.61934494972229,real
4377.png,real,-4.643640041351318,real,0.7268506288528442,fake,-1.2562448978424072,real,-1.2459570169448853,real,-1.9038552045822144,real,-2.1959543228149414,real
2760.png,real,-7.2376179695129395,real,1.759144902229309,fake,0.4421379566192627,fake,0.3708689510822296,fake,0.2372535765171051,fake,-3.1497950553894043,real
4480.png,real,-5.122641086578369,real,1.627722978591919,fake,-0.08509206026792526,real,-1.1692546606063843,real,-1.5910543203353882,real,-3.106576442718506,real
2759.png,real,-4.6917829513549805,real,1.168227195739746,fake,1.0071932077407837,fake,-1.8024919033050537,real,-2.6101584434509277,real,-5.148344039916992,real
3815.png,real,-6.278478145599365,real,1.5172609090805054,fake,1.46803617477417,fake,0.4600617587566376,fake,-0.12013359367847443,real,-2.2164418697357178,real
2578.png,real,-5.499053001403809,real,1.3413344621658325,fake,0.4331759810447693,fake,-0.23354673385620117,real,-0.8854390382766724,real,-3.438936948776245,real
4917.png,real,-3.0915780067443848,real,0.7226201295852661,fake,0.6578688621520996,fake,1.0764435529708862,fake,1.0125895738601685,fake,-2.021916627883911,real
4584.png,real,-7.269098281860352,real,2.023871421813965,fake,0.5204504132270813,fake,-0.07946217805147171,real,-0.6405220627784729,real,-3.3504631519317627,real
4031.png,real,-7.312602519989014,real,1.7358273267745972,fake,0.7680982947349548,fake,0.6335766911506653,fake,-0.03433017060160637,real,-2.145899534225464,real
1854.png,real,-9.27482795715332,real,1.383173942565918,fake,1.7479166984558105,fake,-1.0073795318603516,real,-1.8737757205963135,real,-6.872860908508301,real
5075.png,real,-6.611591815948486,real,1.2180243730545044,fake,0.7859132289886475,fake,0.33947136998176575,fake,-0.6058183312416077,real,-5.945722579956055,real
2604.png,real,-6.677060127258301,real,1.8065342903137207,fake,1.0806609392166138,fake,0.24053426086902618,fake,-0.27283912897109985,real,-2.462176561355591,real
2541.png,real,-2.795614242553711,real,0.8118084669113159,fake,-0.8439943194389343,real,-1.7684448957443237,real,-1.872199296951294,real,-2.571446657180786,real
2047.png,real,-6.361698627471924,real,1.0839107036590576,fake,-0.015425903722643852,real,0.46215954422950745,fake,-0.14829528331756592,real,-2.313450813293457,real
3778.png,real,-4.949350833892822,real,1.7108047008514404,fake,0.04437260329723358,fake,-1.5319504737854004,real,-2.437883138656616,real,-3.275035858154297,real
3068.png,real,-5.584737300872803,real,1.133739948272705,fake,0.32768240571022034,fake,-1.4553101062774658,real,-1.7793331146240234,real,-3.3570175170898438,real
1941.png,real,-5.765963077545166,real,1.1137628555297852,fake,0.28989285230636597,fake,-0.08013828843832016,real,-0.5564966797828674,real,-1.1445518732070923,real
1723.png,real,-5.313362121582031,real,1.473447561264038,fake,-0.3864106237888336,real,-1.422490119934082,real,-1.8000502586364746,real,-3.216632843017578,real
2600.png,real,-4.999384880065918,real,1.8620820045471191,fake,1.638064980506897,fake,0.28783828020095825,fake,0.12583094835281372,fake,-2.2078418731689453,real
3059.png,real,-3.632737636566162,real,1.1930357217788696,fake,0.19172218441963196,fake,0.5726625919342041,fake,-0.06121603772044182,real,-0.7998281121253967,real
1211.png,real,-3.5140461921691895,real,0.7851690053939819,fake,0.2434471994638443,fake,0.2552803158760071,fake,-0.047819070518016815,real,-1.7168474197387695,real
4431.png,real,-4.780941009521484,real,1.0709831714630127,fake,-0.4999271631240845,real,-0.6784844398498535,real,-1.2420766353607178,real,-3.7651619911193848,real
1275.png,real,-6.404741287231445,real,1.1324918270111084,fake,-0.1748339831829071,real,-0.5729266405105591,real,-0.9470527172088623,real,-1.7139900922775269,real
3246.png,real,-6.198925018310547,real,1.0193718671798706,fake,-0.011756403371691704,real,-0.4647824168205261,real,-1.0295623540878296,real,-2.748530864715576,real
3955.png,real,-7.308799743652344,real,1.2677704095840454,fake,0.6714068055152893,fake,-1.2528156042099,real,-1.9008733034133911,real,-5.276742458343506,real
2297.png,real,-6.164823532104492,real,1.241294503211975,fake,0.0809120461344719,fake,-1.1661713123321533,real,-1.7392652034759521,real,-3.6150643825531006,real
2896.png,real,-8.61557674407959,real,1.8144769668579102,fake,1.133975625038147,fake,-0.787175714969635,real,-1.4255141019821167,real,-4.550342082977295,real
1843.png,real,-5.824935436248779,real,0.8894139528274536,fake,0.03965884819626808,fake,-0.6842998266220093,real,-1.704187035560608,real,-6.492010593414307,real
1749.png,real,-6.727911949157715,real,1.6422306299209595,fake,0.8904988765716553,fake,-0.7281650900840759,real,-1.3096047639846802,real,-3.914109706878662,real
3510.png,real,-1.8048017024993896,real,0.8982012867927551,fake,0.5535202026367188,fake,1.0836670398712158,fake,0.4228197932243347,fake,-0.9371129870414734,real
2134.png,real,-2.0257797241210938,real,1.3217034339904785,fake,0.4538991451263428,fake,-0.44968515634536743,real,-0.6009257435798645,real,-1.1344493627548218,real
4326.png,real,-5.331014156341553,real,1.3761506080627441,fake,0.47745993733406067,fake,-0.488385945558548,real,-0.9833687543869019,real,-4.702935695648193,real
3928.png,real,-6.175299644470215,real,1.3162685632705688,fake,-1.0639394521713257,real,-1.7956832647323608,real,-2.1764633655548096,real,-3.5208163261413574,real
3919.png,real,-6.230609893798828,real,1.4521130323410034,fake,-0.9721600413322449,real,-1.9646226167678833,real,-2.843017578125,real,-5.061017036437988,real
2033.png,real,-7.118536949157715,real,1.0397769212722778,fake,0.6083582639694214,fake,-0.06047453731298447,real,-0.9163442254066467,real,-3.3018381595611572,real
2018.png,real,-7.513548374176025,real,1.8562380075454712,fake,1.6428251266479492,fake,-0.841765820980072,real,-1.5096553564071655,real,-4.205413341522217,real
4943.png,real,-2.6064343452453613,real,0.8688028454780579,fake,0.8896671533584595,fake,0.5258575081825256,fake,-0.10033449530601501,real,-1.127902865409851,real
3981.png,real,-3.9006762504577637,real,1.4001182317733765,fake,0.8845680952072144,fake,-0.043042510747909546,real,-0.6137340664863586,real,-3.3345420360565186,real
1416.png,real,-3.6314609050750732,real,1.298261046409607,fake,-0.1170368492603302,real,-0.6188122034072876,real,-0.94986492395401,real,-2.1387057304382324,real
1997.png,real,-4.006875038146973,real,0.7169650793075562,fake,0.968241810798645,fake,0.519090473651886,fake,0.1468244343996048,fake,-1.3005127906799316,real
3046.png,real,-7.120429039001465,real,1.0877553224563599,fake,0.9969067573547363,fake,0.8078247308731079,fake,-0.09841867536306381,real,-3.5224194526672363,real
1388.png,real,-7.122818946838379,real,0.8412440419197083,fake,0.11543381214141846,fake,-1.1801820993423462,real,-2.393357515335083,real,-5.845163822174072,real
4141.png,real,-6.040502071380615,real,1.5331566333770752,fake,0.8277304172515869,fake,0.03772171214222908,fake,-0.7589544653892517,real,-3.9919023513793945,real
3143.png,real,-2.990593433380127,real,1.7958341836929321,fake,0.9093960523605347,fake,0.16110071539878845,fake,-0.38531386852264404,real,-1.5714116096496582,real
4310.png,real,-5.495073318481445,real,1.4322443008422852,fake,-0.1719961315393448,real,-0.36150187253952026,real,-1.0255389213562012,real,-2.4372806549072266,real
4979.png,real,-3.0782711505889893,real,1.1522716283798218,fake,0.6156417727470398,fake,0.8181388974189758,fake,0.3023865520954132,fake,-0.870531439781189,real
4589.png,real,-4.745916366577148,real,1.316833257675171,fake,0.2903417944908142,fake,-0.27693256735801697,real,-0.7871686220169067,real,-1.7215019464492798,real
3260.png,real,-3.6131739616394043,real,1.0922296047210693,fake,-0.06858456134796143,real,-0.32789385318756104,real,-0.9391125440597534,real,-1.5938363075256348,real
2128.png,real,-6.242868900299072,real,1.1756031513214111,fake,0.22585703432559967,fake,-0.5363729596138,real,-1.0487463474273682,real,-3.266099214553833,real
4285.png,real,-6.112161636352539,real,1.8084977865219116,fake,-0.3719213902950287,real,-0.9369671940803528,real,-1.6410555839538574,real,-2.847985029220581,real
5050.png,real,-4.977594375610352,real,1.0402772426605225,fake,0.2960917055606842,fake,-0.499687522649765,real,-1.241211175918579,real,-3.868943691253662,real
4374.png,real,-3.366741895675659,real,1.297797441482544,fake,0.2798145115375519,fake,-0.6732502579689026,real,-1.037693738937378,real,-2.593839168548584,real
2402.png,real,-6.870571613311768,real,1.4927194118499756,fake,0.4730827510356903,fake,-0.140067458152771,real,-0.7547879219055176,real,-4.947274684906006,real
3893.png,real,-8.981454849243164,real,0.9166339039802551,fake,-0.40977808833122253,real,-1.751523733139038,real,-3.2107930183410645,real,-8.976877212524414,real
2206.png,real,-6.282478332519531,real,1.3843796253204346,fake,-0.4780401587486267,real,-0.23250830173492432,real,-1.095775842666626,real,-4.131911754608154,real
1196.png,real,-6.246190547943115,real,1.127164363861084,fake,1.117729663848877,fake,0.522293210029602,fake,-0.39847108721733093,real,-3.7130234241485596,real
2037.png,real,-4.952155113220215,real,0.9232853651046753,fake,0.06799948960542679,fake,-0.4468001425266266,real,-0.5893844962120056,real,-2.9492149353027344,real
3203.png,real,-5.302278995513916,real,1.4477312564849854,fake,0.8931230902671814,fake,0.8451370596885681,fake,-0.2677065432071686,real,-4.0968732833862305,real
2921.png,real,-4.231110095977783,real,1.3445874452590942,fake,0.6816511154174805,fake,-0.8845726847648621,real,-0.9922652244567871,real,-2.1151750087738037,real
3422.png,real,-4.754599571228027,real,1.2222986221313477,fake,-0.2055465131998062,real,-0.42867788672447205,real,-1.1997967958450317,real,-2.898800849914551,real
3547.png,real,-6.017093181610107,real,1.3286328315734863,fake,0.6345453262329102,fake,0.33575308322906494,fake,-0.2049437165260315,real,-2.896158456802368,real
2425.png,real,-5.064467906951904,real,1.3910930156707764,fake,0.7863966226577759,fake,-0.2928527295589447,real,-0.750351071357727,real,-2.8809781074523926,real
3875.png,real,-4.686875820159912,real,1.211761713027954,fake,-0.23155884444713593,real,-0.6900694966316223,real,-1.37152898311615,real,-3.375990390777588,real
3518.png,real,-6.6357269287109375,real,1.487407922744751,fake,0.0026984550058841705,fake,-1.3927687406539917,real,-2.324721336364746,real,-7.260458946228027,real
1371.png,real,-7.029260635375977,real,1.4577726125717163,fake,1.4277522563934326,fake,-0.09929770231246948,real,-0.8529064655303955,real,-2.7406504154205322,real
2492.png,real,-5.679574489593506,real,1.1143544912338257,fake,0.4153744578361511,fake,-0.6074485182762146,real,-1.0712815523147583,real,-3.4516549110412598,real
1542.png,real,-6.811248302459717,real,0.9811526536941528,fake,0.5221875309944153,fake,-1.055432915687561,real,-1.9541374444961548,real,-3.137315034866333,real
1937.png,real,-3.731085777282715,real,2.0257177352905273,fake,1.079825758934021,fake,-0.2927034795284271,real,-0.5225756168365479,real,-1.0384737253189087,real
3745.png,real,-4.569433212280273,real,0.8985519409179688,fake,-0.059629619121551514,real,-0.4083016514778137,real,-0.5877909660339355,real,-2.9959769248962402,real
3115.png,real,-5.4094672203063965,real,0.8214471340179443,fake,-0.3463685214519501,real,-0.6475542187690735,real,-1.2340608835220337,real,-2.595167398452759,real
3353.png,real,-4.743513107299805,real,1.687575340270996,fake,-0.1454019397497177,real,-0.3400385081768036,real,-1.4530984163284302,real,-3.5744056701660156,real
3475.png,real,-8.335543632507324,real,0.7852658033370972,fake,-0.25109678506851196,real,-0.9239609241485596,real,-1.9630318880081177,real,-4.088342189788818,real
4048.png,real,-4.426424980163574,real,1.4733978509902954,fake,0.40342551469802856,fake,-1.6954649686813354,real,-1.8397889137268066,real,-2.276721239089966,real
3965.png,real,-4.211918354034424,real,1.3476754426956177,fake,0.0837835967540741,fake,-0.7129240036010742,real,-1.3022212982177734,real,-2.683669090270996,real
2084.png,real,-6.163601398468018,real,1.6217360496520996,fake,0.6492241024971008,fake,-1.1517837047576904,real,-1.9074864387512207,real,-4.025887966156006,real
4652.png,real,-6.646883964538574,real,1.4253994226455688,fake,-0.051243964582681656,real,-1.923571228981018,real,-2.5550010204315186,real,-3.7668344974517822,real
2019.png,real,-3.4883060455322266,real,1.1592446565628052,fake,0.02942614257335663,fake,0.10124388337135315,fake,-0.625156581401825,real,-2.0097126960754395,real
4425.png,real,-2.1897881031036377,real,1.5210070610046387,fake,0.47331860661506653,fake,0.16698090732097626,fake,-0.022419186308979988,real,-0.1717555969953537,real
2862.png,real,-6.066359996795654,real,1.5636181831359863,fake,0.5592132210731506,fake,-0.5616121292114258,real,-1.0696303844451904,real,-2.9481654167175293,real
1818.png,real,-4.316628932952881,real,1.9375016689300537,fake,0.23157024383544922,fake,-1.9333000183105469,real,-2.1519100666046143,real,-3.15740704536438,real
4022.png,fake,7.782872676849365,fake,1.237865924835205,fake,0.49160173535346985,fake,1.1244380474090576,fake,0.8421351313591003,fake,3.031325340270996,fake
2166.png,fake,7.142189979553223,fake,1.3565545082092285,fake,1.6517374515533447,fake,2.319319248199463,fake,1.8146485090255737,fake,4.545779228210449,fake
6063.png,fake,8.398137092590332,fake,1.8860950469970703,fake,1.1409265995025635,fake,1.2787730693817139,fake,1.093237280845642,fake,3.8526461124420166,fake
5274.png,fake,8.659893989562988,fake,1.7264536619186401,fake,1.208724856376648,fake,1.1210885047912598,fake,1.0137215852737427,fake,3.6106789112091064,fake
4273.png,fake,7.424069881439209,fake,1.4747288227081299,fake,2.7090044021606445,fake,1.5176918506622314,fake,1.1352946758270264,fake,3.0108280181884766,fake
3311.png,fake,8.67601203918457,fake,1.4819848537445068,fake,0.8946203589439392,fake,0.9364400506019592,fake,0.7132676243782043,fake,2.399844169616699,fake
3927.png,fake,7.4869303703308105,fake,1.3666496276855469,fake,0.9320439696311951,fake,1.7558783292770386,fake,1.180203914642334,fake,2.8835225105285645,fake
6695.png,fake,6.85673189163208,fake,1.614148497581482,fake,1.3489198684692383,fake,0.5617691278457642,fake,0.7517252564430237,fake,2.2245700359344482,fake
3407.png,fake,8.70108699798584,fake,1.5405302047729492,fake,0.16896431148052216,fake,1.1489131450653076,fake,0.7415672540664673,fake,3.5390968322753906,fake
3435.png,fake,6.711007595062256,fake,1.781630039215088,fake,0.4430527985095978,fake,-0.15687352418899536,real,-0.6718706488609314,real,3.5633838176727295,fake
2942.png,fake,8.429030418395996,fake,1.7499250173568726,fake,1.0356922149658203,fake,1.1969085931777954,fake,1.0752867460250854,fake,3.490339517593384,fake
7026.png,fake,7.821452617645264,fake,1.2820948362350464,fake,1.2228977680206299,fake,1.842781662940979,fake,1.2814170122146606,fake,3.1451148986816406,fake
2338.png,fake,7.724088668823242,fake,1.0750073194503784,fake,0.3725987672805786,fake,1.0744147300720215,fake,0.8253190517425537,fake,3.7449729442596436,fake
5552.png,fake,8.028148651123047,fake,1.2925828695297241,fake,1.7723140716552734,fake,0.8416988253593445,fake,0.24375835061073303,fake,3.4205527305603027,fake
5594.png,fake,7.499143123626709,fake,1.5609086751937866,fake,0.3235466182231903,fake,1.0272815227508545,fake,0.6155967116355896,fake,3.988603115081787,fake
2123.png,fake,6.799068927764893,fake,1.5941776037216187,fake,0.49127575755119324,fake,0.9601269960403442,fake,0.8650509119033813,fake,3.4473795890808105,fake
3445.png,fake,7.440869331359863,fake,1.9976359605789185,fake,1.1709089279174805,fake,0.3752744495868683,fake,0.06514060497283936,fake,2.6767024993896484,fake
6376.png,fake,6.614128112792969,fake,1.1306684017181396,fake,0.6025111079216003,fake,1.4688165187835693,fake,1.0442110300064087,fake,3.75803279876709,fake
2369.png,fake,6.049107551574707,fake,1.157041311264038,fake,0.13454385101795197,fake,0.7369009256362915,fake,0.399591863155365,fake,2.2156896591186523,fake
2442.png,fake,8.098344802856445,fake,0.8251370191574097,fake,1.0008376836776733,fake,0.8353396058082581,fake,0.6773175001144409,fake,2.548584222793579,fake
4929.png,fake,8.558329582214355,fake,1.165137529373169,fake,0.7026728987693787,fake,1.3153178691864014,fake,0.7618213891983032,fake,3.8238580226898193,fake
2983.png,fake,8.380176544189453,fake,1.07437002658844,fake,0.2462763488292694,fake,1.1005260944366455,fake,1.136185884475708,fake,4.134475231170654,fake
4984.png,fake,8.46713638305664,fake,1.516732931137085,fake,1.2863956689834595,fake,1.779375433921814,fake,1.5091290473937988,fake,4.449120998382568,fake
6296.png,fake,7.7173895835876465,fake,1.28483247756958,fake,1.8072189092636108,fake,2.034137487411499,fake,1.617486834526062,fake,2.8257038593292236,fake
2279.png,fake,7.553556442260742,fake,1.3613916635513306,fake,1.679463267326355,fake,0.8105324506759644,fake,0.5553432106971741,fake,1.9684277772903442,fake
4700.png,fake,8.449204444885254,fake,1.431169867515564,fake,1.3977583646774292,fake,1.122357964515686,fake,0.6531379222869873,fake,2.3633904457092285,fake
5169.png,fake,8.211105346679688,fake,1.2631744146347046,fake,1.0777392387390137,fake,1.7133944034576416,fake,1.1595797538757324,fake,3.3352999687194824,fake
4187.png,fake,7.9427571296691895,fake,1.3882580995559692,fake,2.130061388015747,fake,2.6704964637756348,fake,2.2021358013153076,fake,3.8557212352752686,fake
5025.png,fake,7.7914838790893555,fake,1.6988974809646606,fake,0.5027350187301636,fake,-0.35559189319610596,real,-0.4888678193092346,real,3.3653721809387207,fake
3255.png,fake,7.962703704833984,fake,1.7306690216064453,fake,1.4770931005477905,fake,0.23101769387722015,fake,-0.13208098709583282,real,3.138319253921509,fake
5907.png,fake,8.179219245910645,fake,1.7446444034576416,fake,1.5537734031677246,fake,1.579247236251831,fake,1.2096197605133057,fake,3.9305880069732666,fake
6197.png,fake,5.0468573570251465,fake,1.3646475076675415,fake,1.1890437602996826,fake,2.234236001968384,fake,2.1078410148620605,fake,1.6466115713119507,fake
3061.png,fake,8.297680854797363,fake,1.5403467416763306,fake,0.8728715181350708,fake,0.8898582458496094,fake,0.7249248623847961,fake,3.4478440284729004,fake
4576.png,fake,8.521605491638184,fake,1.3253200054168701,fake,1.0614356994628906,fake,1.0199109315872192,fake,0.581365168094635,fake,4.835616111755371,fake
3802.png,fake,7.911808490753174,fake,1.2470654249191284,fake,1.10387122631073,fake,0.9857122302055359,fake,0.30691203474998474,fake,2.292003631591797,fake
4755.png,fake,7.462069034576416,fake,1.7026013135910034,fake,0.9757436513900757,fake,1.0627647638320923,fake,0.8957191109657288,fake,3.3103909492492676,fake
4767.png,fake,9.005721092224121,fake,1.4980015754699707,fake,1.4315682649612427,fake,1.579889178276062,fake,1.2867112159729004,fake,2.897186756134033,fake
5966.png,fake,8.131534576416016,fake,1.3975269794464111,fake,0.6542152166366577,fake,0.3855469822883606,fake,0.07193160057067871,fake,3.743051767349243,fake
4816.png,fake,8.666747093200684,fake,1.4303516149520874,fake,0.9905220866203308,fake,1.66974937915802,fake,1.0964035987854004,fake,4.203110218048096,fake
2252.png,fake,8.065804481506348,fake,1.4301754236221313,fake,1.4798859357833862,fake,2.059345245361328,fake,1.7900018692016602,fake,3.2536509037017822,fake
5666.png,fake,8.668497085571289,fake,1.1115556955337524,fake,0.6423507928848267,fake,1.0807299613952637,fake,0.888372004032135,fake,3.877317428588867,fake
6449.png,fake,5.779238700866699,fake,1.5855718851089478,fake,1.2278655767440796,fake,0.2493485063314438,fake,0.13003668189048767,fake,3.4238665103912354,fake
5030.png,fake,8.158716201782227,fake,1.6310559511184692,fake,0.9307094812393188,fake,0.8548727631568909,fake,0.4743504822254181,fake,3.406992197036743,fake
5940.png,fake,8.759488105773926,fake,2.049043893814087,fake,2.2477335929870605,fake,2.123525619506836,fake,1.9383999109268188,fake,3.812269687652588,fake
2447.png,fake,8.18692684173584,fake,1.4797475337982178,fake,1.9736722707748413,fake,0.9843569397926331,fake,0.9532424211502075,fake,2.5373735427856445,fake
4648.png,fake,8.262710571289062,fake,1.4391498565673828,fake,1.5082106590270996,fake,2.217719078063965,fake,1.7438151836395264,fake,3.437917947769165,fake
4190.png,fake,8.520379066467285,fake,1.209497094154358,fake,0.48607879877090454,fake,0.9188832640647888,fake,0.6065890192985535,fake,4.642989158630371,fake
6958.png,fake,7.234758377075195,fake,1.3115121126174927,fake,0.4717511236667633,fake,0.7732245922088623,fake,0.804472029209137,fake,3.64951753616333,fake
6403.png,fake,7.944140911102295,fake,1.428575873374939,fake,0.8206540942192078,fake,1.2316502332687378,fake,1.050024390220642,fake,2.8325586318969727,fake
2451.png,fake,6.366805076599121,fake,1.4295400381088257,fake,1.2585543394088745,fake,1.0854930877685547,fake,1.1410099267959595,fake,3.4462664127349854,fake
2170.png,fake,5.996920585632324,fake,1.2102528810501099,fake,0.8112631440162659,fake,1.6853808164596558,fake,1.3898768424987793,fake,3.1748971939086914,fake
3996.png,fake,7.878575801849365,fake,1.9715739488601685,fake,1.1850694417953491,fake,0.5225608348846436,fake,0.13178755342960358,fake,3.007807731628418,fake
5378.png,fake,8.962512969970703,fake,1.1680376529693604,fake,0.9893093109130859,fake,1.2675052881240845,fake,0.8480985164642334,fake,3.7817530632019043,fake
6611.png,fake,7.6399431228637695,fake,2.2028486728668213,fake,0.6706979274749756,fake,0.5968155264854431,fake,-0.007739566266536713,real,4.262050628662109,fake
3884.png,fake,7.414255619049072,fake,1.5242778062820435,fake,1.0488300323486328,fake,0.27010565996170044,fake,0.18684908747673035,fake,2.9606335163116455,fake
3874.png,fake,8.882887840270996,fake,1.3206130266189575,fake,0.356609970331192,fake,1.406412959098816,fake,1.330747127532959,fake,5.091116428375244,fake
4813.png,fake,6.93464469909668,fake,1.6888607740402222,fake,1.2382209300994873,fake,1.2832554578781128,fake,1.072014570236206,fake,2.6810641288757324,fake
6153.png,fake,6.294083595275879,fake,1.7748169898986816,fake,1.4954555034637451,fake,0.8946512937545776,fake,0.38875067234039307,fake,2.4875869750976562,fake
3389.png,fake,8.12895393371582,fake,1.7376811504364014,fake,1.0090800523757935,fake,1.1255186796188354,fake,0.8315536379814148,fake,3.5516765117645264,fake
2959.png,fake,7.338038921356201,fake,2.182828903198242,fake,0.6139851808547974,fake,0.7991901636123657,fake,0.40843698382377625,fake,3.7257912158966064,fake
3574.png,fake,7.3025946617126465,fake,2.077436685562134,fake,1.2035425901412964,fake,1.5460195541381836,fake,0.9190171360969543,fake,3.853971004486084,fake
2152.png,fake,6.7281365394592285,fake,2.4301648139953613,fake,1.3838376998901367,fake,0.9911459684371948,fake,0.7240273356437683,fake,2.125519275665283,fake
3184.png,fake,8.700499534606934,fake,1.7378288507461548,fake,1.6274027824401855,fake,1.6437907218933105,fake,1.1199949979782104,fake,3.0358176231384277,fake
5708.png,fake,7.677836894989014,fake,1.8533846139907837,fake,1.4085068702697754,fake,0.7456137537956238,fake,0.3041759729385376,fake,3.877937078475952,fake
2826.png,fake,9.038166046142578,fake,1.325832724571228,fake,1.2209550142288208,fake,1.8946338891983032,fake,1.7032411098480225,fake,4.35809326171875,fake
3100.png,fake,8.548395156860352,fake,0.8522106409072876,fake,0.30013856291770935,fake,0.939896285533905,fake,0.9483435153961182,fake,4.568562984466553,fake
2083.png,fake,7.592473983764648,fake,1.9666908979415894,fake,1.7817375659942627,fake,0.8265872597694397,fake,0.6596018075942993,fake,2.8163509368896484,fake
4002.png,fake,8.419036865234375,fake,1.9502623081207275,fake,2.004993438720703,fake,1.6596702337265015,fake,1.338736653327942,fake,2.7757492065429688,fake
3838.png,fake,8.423121452331543,fake,1.5294215679168701,fake,0.791411280632019,fake,0.5295883417129517,fake,0.3441321849822998,fake,3.4427833557128906,fake
4743.png,fake,9.131218910217285,fake,1.1362119913101196,fake,1.034702181816101,fake,1.531869888305664,fake,1.4355669021606445,fake,3.8059871196746826,fake
2706.png,fake,8.177688598632812,fake,1.2728383541107178,fake,1.7664166688919067,fake,0.24270747601985931,fake,-0.4294406771659851,real,4.186651229858398,fake
5584.png,fake,8.463760375976562,fake,1.1022536754608154,fake,0.18501123785972595,fake,1.3570905923843384,fake,0.9790248870849609,fake,4.469088077545166,fake
3546.png,fake,8.749310493469238,fake,1.3388011455535889,fake,1.6628552675247192,fake,1.7916414737701416,fake,1.464196801185608,fake,3.3621020317077637,fake
4836.png,fake,8.32889461517334,fake,1.4681527614593506,fake,1.0983644723892212,fake,1.0469826459884644,fake,0.8729069232940674,fake,2.612527847290039,fake
2922.png,fake,8.936594009399414,fake,1.3921406269073486,fake,0.9725157022476196,fake,2.2981925010681152,fake,2.0215964317321777,fake,3.5248429775238037,fake
3769.png,fake,8.05955982208252,fake,1.6365758180618286,fake,1.0560768842697144,fake,0.6978135108947754,fake,0.36953020095825195,fake,3.0879626274108887,fake
2762.png,fake,9.088356971740723,fake,1.105097770690918,fake,0.24908031523227692,fake,1.2720457315444946,fake,1.3596314191818237,fake,4.296846389770508,fake
6930.png,fake,7.216172218322754,fake,0.922433078289032,fake,-0.30275610089302063,real,0.40555301308631897,fake,0.3489189147949219,fake,3.4011621475219727,fake
6370.png,fake,6.970424175262451,fake,3.2775018215179443,fake,1.8575568199157715,fake,0.6810740828514099,fake,0.48432740569114685,fake,1.6598358154296875,fake
2876.png,fake,7.5687255859375,fake,1.463426947593689,fake,0.8705118298530579,fake,1.5265836715698242,fake,1.52143394947052,fake,4.320742130279541,fake
4014.png,fake,7.878365993499756,fake,1.2845406532287598,fake,0.6586708426475525,fake,1.0721378326416016,fake,0.5414003133773804,fake,4.599494934082031,fake
2288.png,fake,5.793711185455322,fake,2.2760303020477295,fake,1.1393890380859375,fake,-0.08293956518173218,real,-0.05912750959396362,real,3.6734981536865234,fake
3975.png,fake,9.26736831665039,fake,1.7818596363067627,fake,1.5014287233352661,fake,1.9134180545806885,fake,1.8379294872283936,fake,3.402287244796753,fake
4821.png,fake,7.338929176330566,fake,1.0834795236587524,fake,0.6407333612442017,fake,0.9682546257972717,fake,0.7032873630523682,fake,3.126673698425293,fake
2243.png,fake,6.404910564422607,fake,0.8201613426208496,fake,0.5189905762672424,fake,2.306964635848999,fake,1.6523699760437012,fake,3.524017810821533,fake
3933.png,fake,8.187682151794434,fake,1.3046330213546753,fake,1.0001072883605957,fake,1.483578085899353,fake,1.403395414352417,fake,2.984863042831421,fake
3058.png,fake,8.044995307922363,fake,1.0528855323791504,fake,0.21466390788555145,fake,1.0746402740478516,fake,0.829100489616394,fake,3.9536142349243164,fake
5585.png,fake,8.904383659362793,fake,1.7350633144378662,fake,2.114899158477783,fake,2.236489772796631,fake,1.9695048332214355,fake,3.8316452503204346,fake
6283.png,fake,6.973720073699951,fake,1.2480723857879639,fake,1.277146816253662,fake,2.7765052318573,fake,2.5540685653686523,fake,4.153552532196045,fake
2450.png,fake,8.000143051147461,fake,0.9519346356391907,fake,0.7733436226844788,fake,2.176039218902588,fake,2.145310878753662,fake,3.818701982498169,fake
6269.png,fake,8.146788597106934,fake,1.1734910011291504,fake,0.7153744697570801,fake,0.7238811254501343,fake,0.6641693711280823,fake,2.7505087852478027,fake
3808.png,fake,8.577606201171875,fake,1.2717769145965576,fake,1.007871389389038,fake,1.5765085220336914,fake,1.1657387018203735,fake,3.6702475547790527,fake
2547.png,fake,7.6685051918029785,fake,1.0056036710739136,fake,0.3339981138706207,fake,1.2739828824996948,fake,0.9761208295822144,fake,3.6286182403564453,fake
5818.png,fake,8.099705696105957,fake,1.6088625192642212,fake,1.4779938459396362,fake,1.400383710861206,fake,1.241447925567627,fake,4.131681442260742,fake
6210.png,fake,6.671995639801025,fake,1.806994080543518,fake,0.19195866584777832,fake,-0.5803701281547546,real,-1.013188362121582,real,1.9198832511901855,fake
2309.png,fake,7.157173156738281,fake,1.6135374307632446,fake,0.8036034107208252,fake,1.7917577028274536,fake,1.6491185426712036,fake,4.515036582946777,fake
6138.png,fake,8.431681632995605,fake,1.654576063156128,fake,1.3822758197784424,fake,0.723318338394165,fake,0.567249596118927,fake,2.4748342037200928,fake
6953.png,fake,6.722223281860352,fake,1.7310125827789307,fake,1.7831754684448242,fake,1.7125859260559082,fake,1.4836487770080566,fake,3.2006185054779053,fake
3744.png,fake,8.087573051452637,fake,1.4692860841751099,fake,1.181203842163086,fake,1.8628312349319458,fake,1.5333210229873657,fake,3.2911646366119385,fake
3749.png,fake,8.719293594360352,fake,1.7511576414108276,fake,1.7851253747940063,fake,2.2120890617370605,fake,1.909135341644287,fake,4.497064113616943,fake
