Original_Image,Folder,Original_Score,Quality_012_Score,Quality_025_Score,Quality_050_Score,Quality_075_Score,Quality_100_Score,ID_IMG,IS_SYNTH
f5b10a5455.png,sub_validation,0.13746102154254913,1.7671757936477661,1.1668076515197754,2.5108728408813477,2.015432596206665,-0.5109060406684875,5152,0
569f079c51.png,sub_validation,-0.1786058396100998,2.9461653232574463,2.5120229721069336,1.649750828742981,1.2625330686569214,0.06205463409423828,7113,1
164ae55a3c.png,sub_validation,-1.2197200059890747,1.771468997001648,0.5253759026527405,-1.4113227128982544,-1.6275100708007812,-2.1252548694610596,2016,1
68bed27b2c.png,sub_validation,-0.5671374797821045,2.1517233848571777,2.344719886779785,2.4428961277008057,1.9382283687591553,-0.04762314260005951,4392,1
aed0f2e1be.png,sub_validation,0.021634608507156372,1.57801353931427,0.4814968407154083,0.7429570555686951,0.7885187864303589,-0.0280322078615427,3009,1
b67b9f8524.png,sub_validation,-0.5665992498397827,2.343245029449463,1.0631580352783203,0.2300579696893692,-0.001171466545201838,-0.4639793038368225,2824,0
02f42250f1.png,sub_validation,-1.2867056131362915,1.91652512550354,1.1520591974258423,0.327898770570755,-0.15339280664920807,-1.5389422178268433,1719,1
429b5a5c81.png,sub_validation,-0.22870300710201263,1.6776102781295776,0.2165544182062149,-0.19498774409294128,-0.31199905276298523,-0.6801003813743591,5852,1
08caaa9617.png,sub_validation,-1.5446721315383911,1.5251544713974,1.515629529953003,1.6598918437957764,1.0009876489639282,-0.2652278542518616,1641,1
82dfb3b968.png,sub_validation,-1.369484782218933,1.2783763408660889,-0.10473871976137161,-0.16136784851551056,-0.9852541089057922,-1.3455640077590942,325,1
2b8f37eb66.png,sub_validation,-0.8731362223625183,2.080793857574463,1.0409367084503174,0.7146254777908325,0.3657032251358032,-0.1628713607788086,6440,0
5a610d4472.png,sub_validation,0.9236998558044434,2.2595150470733643,1.7451364994049072,1.8661365509033203,1.5907870531082153,1.675507664680481,3926,1
e11e906e64.png,sub_validation,-0.5739377737045288,1.8457629680633545,1.147316336631775,0.8709160685539246,0.5079196095466614,-0.9784352779388428,3467,1
80fb0efa40.png,sub_validation,-1.2372827529907227,1.9419283866882324,1.5184407234191895,1.7978259325027466,1.1116172075271606,-1.026689052581787,2886,0
f7178d0a30.png,sub_validation,-2.630750894546509,1.1300687789916992,2.150566339492798,2.3415822982788086,1.0209640264511108,-2.025282859802246,3312,0
c5bb5323f3.png,sub_validation,1.2817672491073608,1.1916875839233398,1.5687344074249268,0.8689005970954895,0.9795774817466736,1.028563141822815,1613,1
31a6907b5c.png,sub_validation,-0.9985708594322205,1.5272729396820068,0.7955976128578186,0.5491189956665039,0.0442308634519577,-0.57525634765625,1691,1
856f606734.png,sub_validation,-0.2581837475299835,1.4727996587753296,0.8610801100730896,1.9951672554016113,1.6541094779968262,0.7788626551628113,73,0
25234e9cf2.png,sub_validation,-1.6645430326461792,2.067997455596924,1.7903649806976318,2.4167473316192627,1.63155996799469,-1.3705610036849976,1240,1
73d6fe4e73.png,sub_validation,-1.1184675693511963,1.4766719341278076,-0.34303662180900574,-0.27492326498031616,-0.5466128587722778,-0.7702007293701172,722,1
0985d8d321.png,sub_validation,-1.150404691696167,1.8823719024658203,0.7205632925033569,-0.8266936540603638,-1.2902393341064453,-2.444176197052002,2681,0
e9c2d4d3fc.png,sub_validation,-0.7304493188858032,1.532185435295105,0.02467065304517746,-0.3358079493045807,-0.4202919006347656,-1.1833536624908447,1983,1
78f80dda76.png,sub_validation,0.09434013813734055,1.9421590566635132,1.854292392730713,3.030583143234253,2.834078788757324,2.459379196166992,1724,0
4b46dd7cd5.png,sub_validation,-1.2672983407974243,2.0133297443389893,1.6838901042938232,0.26068273186683655,-0.4721929132938385,-1.8433233499526978,32,0
2aa9272667.png,sub_validation,-0.9209345579147339,1.5384244918823242,0.5762638449668884,0.5065827369689941,0.10752004384994507,-0.22991521656513214,1726,1
b178668490.png,sub_validation,-0.07033933699131012,2.0247576236724854,1.403253436088562,1.1681655645370483,1.0139265060424805,0.25038138031959534,6244,0
70ada60083.png,sub_validation,-0.2012779265642166,3.0310399532318115,1.2158764600753784,0.8156994581222534,0.6483909487724304,0.3372136652469635,3599,0
d83403339f.png,sub_validation,-0.8705031275749207,1.283088207244873,1.8250285387039185,1.6649727821350098,1.2951610088348389,-0.3715386986732483,1893,0
fdd24d03a5.png,sub_validation,-1.715576171875,1.8560223579406738,0.5857338309288025,0.2787807285785675,-0.10952024161815643,-0.8817662596702576,3633,0
10791c4444.png,sub_validation,-1.9572721719741821,1.7057135105133057,1.4579565525054932,1.2339355945587158,0.9627952575683594,-2.280190944671631,5548,1
93c8e9d047.png,sub_validation,-0.3218449354171753,2.5462913513183594,1.8569254875183105,1.77241051197052,1.3483500480651855,0.8842561841011047,6693,1
df575e93ec.png,sub_validation,-0.6373512744903564,2.2277703285217285,1.6288021802902222,0.932090699672699,0.5534168481826782,-0.14548201858997345,293,1
1173d2280e.png,sub_validation,0.9563490748405457,1.4358376264572144,0.7092534303665161,0.6528092622756958,1.0234631299972534,0.7842963337898254,5389,1
4f7b3f50a1.png,sub_validation,-1.469571828842163,1.8886568546295166,1.2268760204315186,-0.20004621148109436,-0.41319867968559265,-1.549843430519104,3583,1
ec4ae4ea3a.png,sub_validation,-0.36371323466300964,1.5630309581756592,1.0555801391601562,0.6787213087081909,0.32030823826789856,-0.3426688015460968,2491,0
82b77cd1b7.png,sub_validation,-1.4052324295043945,1.9917774200439453,2.001636266708374,2.379934072494507,1.7758809328079224,-0.9822756052017212,2831,1
aa8c28e4ed.png,sub_validation,-0.6695741415023804,2.0618231296539307,1.4445170164108276,1.0167515277862549,0.6192351579666138,-0.4533502161502838,944,0
9ca4a750d8.png,sub_validation,-1.3960106372833252,2.04463791847229,1.9173698425292969,0.8334941864013672,0.3635804355144501,-1.5534220933914185,3806,0
d09a2d68ff.png,sub_validation,-0.779258668422699,1.8863556385040283,0.7765883803367615,0.5674204230308533,0.3607180416584015,-0.4071967303752899,3615,1
bb8487866c.png,sub_validation,0.226044163107872,1.8931596279144287,1.628731369972229,1.6226965188980103,1.2672392129898071,0.1418284922838211,1159,0
99d8c5b8a9.png,sub_validation,-0.12665848433971405,1.8594388961791992,2.5971996784210205,1.7142609357833862,1.2948861122131348,0.6769598126411438,635,1
e7bb65f0ca.png,sub_validation,-0.8000550270080566,1.5522335767745972,1.241471767425537,1.3621621131896973,1.046718716621399,0.11819861084222794,595,1
e595cbaea6.png,sub_validation,-0.48278260231018066,1.7844747304916382,1.5550700426101685,1.0536136627197266,0.9395168423652649,0.6949566006660461,5986,1
07d158cd90.png,sub_validation,-1.093701958656311,0.9738591909408569,0.4596073627471924,0.8328878879547119,0.4601793587207794,-0.8370093703269958,4672,1
2b0c354957.png,sub_validation,0.01868678629398346,1.5129081010818481,1.0166231393814087,0.8060068488121033,0.6152712106704712,0.48720064759254456,157,1
aa90905dac.png,sub_validation,-0.20507876574993134,1.7037978172302246,1.2112071514129639,1.6367321014404297,1.3052135705947876,0.5171186327934265,2257,1
f3baf1c28d.png,sub_validation,-0.4855446517467499,1.9911112785339355,1.132586121559143,0.8826953172683716,0.6781920790672302,-0.041027117520570755,1107,1
51f86c6a85.png,sub_validation,-1.0026483535766602,1.917056918144226,1.202431082725525,1.22187077999115,0.8692924976348877,0.13516484200954437,5559,0
8addf9e288.png,sub_validation,0.010730285197496414,0.6312753558158875,1.4164283275604248,0.4695429503917694,0.1436440497636795,-0.4484817087650299,87,1
3239307a6e.png,sub_validation,-1.544922113418579,1.7651982307434082,0.09758445620536804,-0.424486368894577,-0.7175856828689575,-1.164367914199829,5760,1
6343dc1460.png,sub_validation,0.2944433391094208,2.1762540340423584,1.5134965181350708,0.6698909401893616,0.4742003381252289,0.2594298720359802,5391,1
f716fb4862.png,sub_validation,-1.1261478662490845,1.6820385456085205,1.1745522022247314,2.0571444034576416,1.6673256158828735,-0.04636063799262047,6827,1
114e602548.png,sub_validation,-0.05542447417974472,2.1420187950134277,1.6737053394317627,1.4133468866348267,1.2411212921142578,0.7201374769210815,5256,1
0d74ab4082.png,sub_validation,-0.19978214800357819,2.6862215995788574,1.7411224842071533,1.6142548322677612,1.0701160430908203,-0.1279536634683609,3708,1
4cf1da2a49.png,sub_validation,0.503048837184906,2.413426399230957,2.2015931606292725,3.193896770477295,2.6132051944732666,0.9051149487495422,2561,1
635dea5fbf.png,sub_validation,-0.09254996478557587,2.758071184158325,1.5764992237091064,0.9966111779212952,0.7312223315238953,0.9862637519836426,6566,1
ec1a5d6518.png,sub_validation,-1.5268378257751465,1.9141056537628174,2.297090530395508,2.3622820377349854,1.8728564977645874,-0.9907582998275757,2327,0
7cdbc4aa4c.png,sub_validation,-0.13692550361156464,1.3067421913146973,0.36026275157928467,0.38308608531951904,0.2893534302711487,0.20052003860473633,2895,1
b023f74524.png,sub_validation,-0.34694117307662964,1.9874508380889893,1.5635850429534912,1.4739607572555542,1.3131837844848633,0.6978432536125183,6670,1
b0db8d5c5c.png,sub_validation,-0.27785980701446533,1.6512348651885986,1.42437744140625,1.7572375535964966,1.4524043798446655,0.46308568120002747,5116,1
3e711fd3d4.png,sub_validation,-0.7210720181465149,2.054267644882202,1.340223789215088,1.1030292510986328,0.7994044423103333,-0.14492137730121613,714,0
448af9aadd.png,sub_validation,-0.3997432589530945,2.216212511062622,2.2930123805999756,3.0407447814941406,2.8285608291625977,0.7846099138259888,3950,0
db0781713b.png,sub_validation,0.06332430988550186,1.2431539297103882,0.13065388798713684,0.16588717699050903,0.29915475845336914,-0.7044438123703003,5510,1
b80e313e80.png,sub_validation,-0.20978055894374847,1.815799355506897,1.1149613857269287,1.1303484439849854,0.867649257183075,0.59995436668396,3786,1
3e98301512.png,sub_validation,-1.6566481590270996,1.7759246826171875,0.4667697846889496,-0.44091320037841797,-0.7277398109436035,-1.2774758338928223,1091,0
b786b4a000.png,sub_validation,0.12858246266841888,1.784956455230713,1.1456774473190308,1.0593347549438477,0.7334455251693726,0.7019695043563843,4864,1
5a9e62249d.png,sub_validation,-2.4585180282592773,1.9766712188720703,2.0339362621307373,2.618772029876709,2.0428576469421387,-1.2553025484085083,4445,1
9941f47f1c.png,sub_validation,-2.2860302925109863,1.5661247968673706,0.7704453468322754,0.3638898730278015,0.058951810002326965,-1.0535537004470825,2098,0
4218819ff6.png,sub_validation,-0.6289998888969421,1.6862375736236572,-0.09940143674612045,-0.9138859510421753,-0.9525242447853088,-0.5702769160270691,5325,1
4e136a87a0.png,sub_validation,-0.5027236938476562,2.3776798248291016,1.5341265201568604,1.014922857284546,0.5757781863212585,-0.16952452063560486,4912,1
b2d81d23eb.png,sub_validation,-1.618928074836731,1.4986329078674316,1.7390283346176147,-0.6847205758094788,-1.2744923830032349,-3.1053173542022705,5993,1
c8aa6d4168.png,sub_validation,-1.137669324874878,2.290820598602295,0.7523795962333679,-0.10106249898672104,-0.3852282464504242,-1.5078508853912354,5270,1
26c08905c2.png,sub_validation,-1.0844167470932007,1.9543229341506958,1.0021142959594727,0.15853919088840485,-0.3644387423992157,-0.7562004923820496,5384,1
d72c34af38.png,sub_validation,-0.9669943451881409,1.6641085147857666,0.33065491914749146,-0.3419243395328522,-0.7818866968154907,-1.4818127155303955,2913,1
e8b28d913c.png,sub_validation,-0.9116250872612,1.969683051109314,1.2209804058074951,2.3091821670532227,1.4786580801010132,-0.3803309202194214,799,0
c752c95d2d.png,sub_validation,-0.5568987131118774,1.5149418115615845,0.28552761673927307,0.21567653119564056,0.13696642220020294,-0.3494327664375305,570,1
6f93a9aa3d.png,sub_validation,-0.654675304889679,1.8053959608078003,0.11208594590425491,-0.46030208468437195,-0.39310240745544434,-0.6963954567909241,1035,1
49b8adeabf.png,sub_validation,-1.5489493608474731,2.245354413986206,1.300940752029419,-0.19588994979858398,-0.7126746773719788,-2.220834493637085,5737,1
eb9930000f.png,sub_validation,-0.7517408728599548,2.403078556060791,2.0246622562408447,2.4379801750183105,1.9951171875,0.20957456529140472,2684,1
33645eba6c.png,sub_validation,-1.4281781911849976,2.1838250160217285,2.0473153591156006,3.1627471446990967,2.647937059402466,-0.6876556873321533,3994,0
76a580dec4.png,sub_validation,-0.5767780542373657,0.8495163321495056,-0.560477077960968,-0.6157098412513733,-0.8043861985206604,-0.44769614934921265,3601,1
dff03c8080.png,sub_validation,-0.8930888175964355,2.3587069511413574,1.7130351066589355,0.6334252953529358,0.10233502835035324,-0.4537557065486908,3239,0
5b9600dbed.png,sub_validation,-1.5042747259140015,2.0443310737609863,2.2799766063690186,1.7207821607589722,0.9512786865234375,-1.0929020643234253,5002,0
a32191df34.png,sub_validation,-0.7186400294303894,2.4457268714904785,2.0388033390045166,1.7537789344787598,1.4343268871307373,-0.10698392242193222,5056,0
653c5e130c.png,sub_validation,-0.33975863456726074,1.6673059463500977,0.5394411087036133,0.5188823938369751,0.11400286853313446,-0.13213343918323517,1555,1
9c772fde8c.png,sub_validation,-1.0209800004959106,1.803179144859314,2.3169283866882324,3.0021495819091797,2.6238324642181396,-0.1512836515903473,5075,0
dd85f0b1c3.png,sub_validation,0.2855083644390106,1.6542870998382568,0.1627029925584793,0.07427076995372772,-0.08865026384592056,0.1014346107840538,3228,0
b549f6d2e3.png,sub_validation,0.05185355246067047,1.6139386892318726,0.818257749080658,0.28220459818840027,0.18085061013698578,-0.2713913917541504,2811,1
27805a0d1b.png,sub_validation,-1.3719786405563354,2.0800859928131104,1.6085127592086792,1.1071877479553223,0.9784761667251587,-0.4716264009475708,6473,0
c3ae8b39ac.png,sub_validation,-0.5669211149215698,1.8336198329925537,0.6321738958358765,0.3037598729133606,0.15711481869220734,-0.13619698584079742,493,0
e19c97b136.png,sub_validation,-1.1178580522537231,1.4007617235183716,1.1779961585998535,0.4680402874946594,0.38043731451034546,-1.273970127105713,5605,1
ba12ccc9f3.png,sub_validation,-1.0583981275558472,1.4600836038589478,0.9210242033004761,0.5507986545562744,0.06280623376369476,-0.6340453028678894,5497,1
9b67b8cc59.png,sub_validation,-0.914132833480835,2.218151807785034,1.4265352487564087,1.0952292680740356,0.8053359389305115,-0.12968261539936066,5219,1
7a4d765d9f.png,sub_validation,0.225865438580513,1.6098984479904175,1.0011028051376343,1.2401635646820068,0.7407997846603394,0.6125525832176208,2228,1
bffd2592a6.png,sub_validation,-0.19486527144908905,1.9179353713989258,1.6152679920196533,1.7586556673049927,1.3028860092163086,0.8862390518188477,681,1
24c3fb026f.png,sub_validation,-1.394011378288269,0.9973973035812378,-0.4025487005710602,-1.5225231647491455,-1.5890390872955322,-1.7983952760696411,5797,0
9257df22d8.png,sub_validation,-0.7275913953781128,1.5841466188430786,0.7392873764038086,0.5810655951499939,0.357621431350708,-0.43829795718193054,5528,0
39c55abe0c.png,sub_validation,-0.41757282614707947,1.3282766342163086,0.7115009427070618,1.8225500583648682,1.3950588703155518,-0.5830122828483582,5711,0
63c8989c4c.png,sub_validation,-1.2058597803115845,1.9047884941101074,1.3904848098754883,1.2374308109283447,0.8760144114494324,0.20557290315628052,7270,1
4fd75047f1.png,sub_validation,-0.9558990597724915,1.9903252124786377,0.7994512915611267,0.6585879325866699,0.26830461621284485,-0.31627157330513,5611,0
e0eef96809.png,sub_validation,-0.9180297255516052,1.7715617418289185,0.8208357691764832,0.32158008217811584,0.23553620278835297,0.6162320971488953,3637,0
9467609502.png,sub_validation,-0.12521463632583618,1.759328842163086,2.179884195327759,2.1391243934631348,1.5249028205871582,1.0784504413604736,7131,1
8683d47804.png,sub_validation,-0.48082593083381653,1.0715880393981934,0.02183200977742672,0.2205631583929062,0.1647152304649353,-0.2250189483165741,2896,1
340c937994.png,sub_validation,-0.5215603709220886,1.7466384172439575,0.5922160744667053,0.3338855504989624,0.24682091176509857,-0.31868770718574524,6626,0
525a8160ca.png,sub_validation,-0.6824267506599426,2.1200671195983887,0.4187602996826172,-0.11424053460359573,-0.33763328194618225,-0.8860958814620972,4528,1
322d50aa70.png,sub_validation,0.022972339764237404,2.119863271713257,2.11724853515625,1.197218418121338,0.712111234664917,-0.25335684418678284,6720,1
34636067ce.png,sub_validation,-0.5846550464630127,1.8750321865081787,0.09767427295446396,-0.05997788906097412,-0.6804505586624146,-0.9315061569213867,2337,1
ed1ddb5764.png,sub_validation,0.1610720157623291,2.6029582023620605,1.8772953748703003,1.6759226322174072,1.4487401247024536,0.8512961864471436,6379,1
58baf855f6.png,sub_validation,0.7375087738037109,1.5153570175170898,2.2374160289764404,0.9310226440429688,0.856281578540802,0.7276161313056946,472,0
aec924e4aa.png,sub_validation,-0.05918319895863533,2.0862581729888916,0.7296381592750549,0.43129146099090576,-0.03346104174852371,0.03616694360971451,1867,1
56a1720754.png,sub_validation,-0.5375971794128418,1.860202670097351,1.0302479267120361,1.0877246856689453,0.956074059009552,0.4441990852355957,4977,1
0a78327a4e.png,sub_validation,-0.042428165674209595,1.8219658136367798,1.4410111904144287,1.8225376605987549,1.3037039041519165,1.0835102796554565,3036,1
bc9992cadd.png,sub_validation,-0.7897407412528992,2.598065137863159,1.2135064601898193,0.8398125171661377,0.586394727230072,-0.24584661424160004,3514,1
bf0b792756.png,sub_validation,-0.6642575263977051,1.7128896713256836,0.9185366034507751,0.810787558555603,0.2639126479625702,-0.21526768803596497,131,1
979f65393e.png,sub_validation,-1.0197229385375977,2.09844970703125,1.7096571922302246,1.5039457082748413,1.220029354095459,-0.10783538967370987,6027,1
298a18d006.png,sub_validation,0.18321493268013,3.228937864303589,2.5267691612243652,0.9756752848625183,0.5084917545318604,-0.7151355147361755,6894,1
99a5eeca16.png,sub_validation,-1.0232981443405151,1.7525064945220947,0.6982166767120361,0.49682140350341797,0.046452827751636505,-0.3022106885910034,1169,1
c473f715aa.png,sub_validation,0.04944794997572899,2.8286619186401367,3.3433399200439453,3.17099666595459,2.203476905822754,0.2166363000869751,1553,1
112f076e73.png,sub_validation,-1.2038428783416748,2.2225160598754883,2.1629912853240967,2.689805269241333,2.285851001739502,-0.5701219439506531,4249,1
33b62630a5.png,sub_validation,0.32316890358924866,2.015869617462158,1.4043909311294556,1.9268277883529663,2.107832431793213,1.7217493057250977,6646,1
d3bdcf539a.png,sub_validation,-0.9056141376495361,2.1136162281036377,2.2412593364715576,2.8135323524475098,2.310680389404297,-0.0795159861445427,3801,1
7537f20ad7.png,sub_validation,-0.9211529493331909,1.2924749851226807,-0.30473917722702026,-0.8584061861038208,-1.1057430505752563,-1.2193430662155151,2296,1
ea92ff97b2.png,sub_validation,-0.7069146037101746,1.732859492301941,1.314575433731079,0.6000157594680786,0.15965749323368073,-0.73124098777771,2490,0
0ff6cc8195.png,sub_validation,-0.01838359795510769,1.6729642152786255,1.2779872417449951,1.5997891426086426,1.2134932279586792,0.8997271656990051,7030,1
d59e60dd38.png,sub_validation,-0.6060536503791809,1.9690499305725098,1.1189967393875122,1.460295557975769,1.186903476715088,-0.14405067265033722,404,1
682e7c1f17.png,sub_validation,-0.09343778342008591,2.0568318367004395,1.3148696422576904,1.836357831954956,1.503617763519287,-0.2993679940700531,7109,0
81386893b2.png,sub_validation,-0.13525709509849548,1.934665322303772,1.9340391159057617,1.0861685276031494,0.9513126611709595,-0.025575589388608932,5588,0
490983358d.png,sub_validation,-1.8947091102600098,1.8386666774749756,1.504561185836792,1.2610546350479126,0.7586652040481567,-1.8290404081344604,3064,1
44e876f8bc.png,sub_validation,-1.1518019437789917,2.230553150177002,0.28015437722206116,0.10727506130933762,-0.12149463593959808,-0.7242395281791687,2330,0
e00544ca13.png,sub_validation,-1.3438291549682617,1.871304988861084,1.4472614526748657,2.5596232414245605,2.0972020626068115,-2.112653970718384,62,1
c9fa22488a.png,sub_validation,-0.2773002088069916,2.7860422134399414,1.6677372455596924,1.2727185487747192,1.1136198043823242,1.4747740030288696,5638,1
70c386e3a1.png,sub_validation,-0.11681631952524185,1.2825210094451904,-0.12232058495283127,-0.20064058899879456,-0.2639005184173584,-0.05054168403148651,4176,1
63e0591a30.png,sub_validation,-0.9971540570259094,1.7623803615570068,0.8950881361961365,1.1685597896575928,0.8999814987182617,-0.5716179609298706,640,1
7180695d02.png,sub_validation,-0.0923137441277504,2.0737111568450928,1.3295856714248657,1.4322469234466553,1.0518629550933838,0.36271896958351135,5879,1
74716d7863.png,sub_validation,-0.8313589692115784,1.8586994409561157,1.3091174364089966,1.8565353155136108,1.6734391450881958,0.8386516571044922,2505,1
f7daa2583b.png,sub_validation,-1.2923710346221924,1.8741192817687988,1.298424482345581,1.3382407426834106,0.9788973331451416,-0.7728222608566284,4903,0
eaf1b49231.png,sub_validation,0.5157246589660645,2.3785531520843506,1.573569655418396,1.7713489532470703,1.7909550666809082,0.9255916476249695,5030,1
46d0541a46.png,sub_validation,-0.03931110352277756,1.848833441734314,1.4675319194793701,2.6169610023498535,2.386946439743042,1.7050292491912842,5042,1
bb8d740071.png,sub_validation,-1.2093366384506226,1.7936910390853882,0.894294261932373,-0.041217803955078125,-0.34654679894447327,-1.2176090478897095,5455,1
55b016f703.png,sub_validation,-1.341756820678711,1.493998408317566,1.0783278942108154,-0.6609681844711304,-0.9091271162033081,-1.553274154663086,436,1
1b6bfd32f5.png,sub_validation,-1.5830347537994385,2.1438374519348145,2.5061371326446533,0.9762919545173645,0.3541814386844635,-1.9078325033187866,438,0
e9b264eba8.png,sub_validation,-0.780424952507019,2.521888256072998,1.3669966459274292,0.020336277782917023,-0.1872350424528122,-0.8469817042350769,4771,1
34897edcf7.png,sub_validation,-0.38855600357055664,2.011215925216675,1.392708420753479,0.9663727879524231,0.7545837163925171,0.22156837582588196,1484,1
72f2742e30.png,sub_validation,-2.10153865814209,1.7242814302444458,0.693073034286499,0.0461580865085125,-0.38401201367378235,-2.5215604305267334,6984,1
d4e77d98f3.png,sub_validation,-1.9520899057388306,2.154484510421753,1.588181972503662,0.31658557057380676,-0.562810480594635,-3.311858892440796,207,1
68f9e58bef.png,sub_validation,-2.0095136165618896,2.1468734741210938,1.6065878868103027,1.1562840938568115,0.4959179759025574,-1.320611834526062,6404,1
99e97e6840.png,sub_validation,0.686541736125946,2.448190212249756,2.566495418548584,2.7343757152557373,2.4332900047302246,1.9594523906707764,2118,1
6fa89f1225.png,sub_validation,2.0646486282348633,1.7536321878433228,2.203754186630249,1.473341941833496,1.556089162826538,1.76526939868927,6689,0
77b09bf36f.png,sub_validation,-0.013644363731145859,2.051227331161499,1.7982035875320435,2.207244634628296,1.7595524787902832,0.8156620264053345,6546,1
10dc423469.png,sub_validation,-0.538011908531189,2.3671205043792725,1.3509812355041504,0.855849027633667,0.5911604166030884,0.6847103238105774,5513,1
3853b31470.png,sub_validation,-0.5996403098106384,1.9702703952789307,1.8485608100891113,0.8063281178474426,0.3140113353729248,-0.37636521458625793,1612,1
7d204144e5.png,sub_validation,-1.3321332931518555,2.2500150203704834,1.11226487159729,0.5910316109657288,0.34837692975997925,-0.026986459270119667,376,0
c09ac9661c.png,sub_validation,0.16259810328483582,2.2292463779449463,2.0270919799804688,-0.08304395526647568,0.05980367958545685,-0.4902327060699463,154,1
6061e6b18f.png,sub_validation,0.2873278856277466,2.6138195991516113,1.971099853515625,1.3660143613815308,0.9654262661933899,0.3905394673347473,6241,1
2f8ab3a255.png,sub_validation,-1.9986863136291504,1.975237250328064,1.2291563749313354,2.108319044113159,1.4758148193359375,-1.0932731628417969,6275,1
f81c58bf72.png,sub_validation,-1.8199223279953003,1.0545148849487305,0.8164999485015869,0.7618342041969299,0.264283150434494,-1.4771122932434082,4993,1
e128e85118.png,sub_validation,0.11945855617523193,1.7799345254898071,1.954274296760559,1.9226093292236328,1.6687302589416504,0.5785223841667175,6222,1
35a588ec12.png,sub_validation,0.7062883973121643,3.136922836303711,3.085841417312622,3.0685477256774902,2.8471322059631348,2.0758187770843506,5214,1
f196b313d0.png,sub_validation,-1.9773553609848022,1.359810471534729,0.9997556805610657,1.4588098526000977,1.381681203842163,-0.5934222340583801,6987,1
db5d89e059.png,sub_validation,0.13417412340641022,1.9407888650894165,0.316824346780777,0.14135213196277618,0.11282622069120407,-0.16128095984458923,3565,0
f626d980f7.png,sub_validation,0.42681795358657837,2.8543059825897217,2.1992058753967285,2.0319502353668213,1.7960219383239746,0.7167477607727051,4643,1
543a1424d1.png,sub_validation,0.1614222228527069,1.6607255935668945,1.7335647344589233,1.4181500673294067,1.3107742071151733,1.0899803638458252,5766,0
7d1e447b9a.png,sub_validation,-0.12396535277366638,2.6863999366760254,3.1418569087982178,2.954033613204956,1.9464445114135742,0.08137569576501846,5024,1
655eed03e7.png,sub_validation,-0.8879519701004028,2.200141191482544,1.1721214056015015,1.1243091821670532,0.7038681507110596,-0.21251609921455383,2105,1
1acb6a1670.png,sub_validation,-0.18123792111873627,2.0633435249328613,2.0062708854675293,3.034093141555786,2.6072120666503906,1.978546380996704,5122,1
d9f73c854c.png,sub_validation,-2.2010576725006104,1.728377103805542,1.0408910512924194,1.1003798246383667,0.812046229839325,0.19009800255298615,671,1
e4a12e8cb9.png,sub_validation,-0.3514237105846405,2.054039478302002,0.6400263905525208,0.07184870541095734,-0.011121299117803574,-0.3897017240524292,3214,1
8c6ff023dc.png,sub_validation,-0.9864696264266968,2.313432455062866,1.3031424283981323,1.5483689308166504,1.0403614044189453,1.1054588556289673,1298,1
5c346b5496.png,sub_validation,-0.3377354145050049,1.698056936264038,2.2259905338287354,3.174839735031128,2.6075520515441895,1.5109981298446655,2116,1
4111477a56.png,sub_validation,-1.9682812690734863,1.537541151046753,0.9887480735778809,-0.08795351535081863,-0.31010207533836365,-2.1806461811065674,5215,0
e02ccab0a5.png,sub_validation,-0.08925993740558624,1.50734281539917,0.7058507204055786,0.7669047713279724,0.6078379154205322,0.4376462399959564,2823,0
6317898e7e.png,sub_validation,-0.19480861723423004,1.4847623109817505,1.2755428552627563,1.603340744972229,1.2559878826141357,0.5028489828109741,1922,1
ad7b1b3f2d.png,sub_validation,0.2256607562303543,2.234290361404419,1.7262601852416992,2.684943914413452,2.366619110107422,1.116594672203064,7190,0
39d9aee0ea.png,sub_validation,-0.09173554927110672,2.1314258575439453,1.5749351978302002,0.9131646752357483,0.7045925855636597,0.2975444793701172,6378,1
16b7026d0b.png,sub_validation,-0.3516470789909363,1.9375782012939453,-0.025547092780470848,-0.9009609222412109,-0.956780731678009,-0.8461752533912659,3112,1
351107d05c.png,sub_validation,-2.0896639823913574,1.5886629819869995,0.8946264982223511,0.6353596448898315,0.3584565222263336,-1.1209965944290161,4127,1
f2e7268032.png,sub_validation,-1.6483325958251953,2.1793580055236816,1.3143830299377441,0.8406018018722534,0.6223082542419434,0.022735487669706345,1259,1
2ee9b62d8d.png,sub_validation,0.5701698660850525,2.2618536949157715,1.8375810384750366,2.549225330352783,2.38519287109375,1.4689767360687256,5324,0
77ad6a106c.png,sub_validation,-0.8698139786720276,2.072277784347534,1.5452181100845337,2.4008846282958984,1.817946434020996,0.26321884989738464,874,1
ca1eb94ab7.png,sub_validation,-1.5920575857162476,1.6401340961456299,0.9653916358947754,0.5330072045326233,-0.02400641143321991,-2.3142788410186768,1374,0
afb6752821.png,sub_validation,-1.1671522855758667,1.8567196130752563,0.5519378185272217,1.0986908674240112,0.8092043399810791,-0.30073586106300354,5810,1
c986c3582f.png,sub_validation,0.7344338893890381,1.9804500341415405,1.2959426641464233,1.3473787307739258,1.103405237197876,1.5918375253677368,6456,1
8b2c8fd177.png,sub_validation,-1.8545070886611938,2.011512041091919,2.1975743770599365,1.603030800819397,1.009489893913269,-2.189356565475464,632,0
548c4758a0.png,sub_validation,-1.0094523429870605,2.1355559825897217,1.7788773775100708,1.5226422548294067,1.3000855445861816,0.054731063544750214,349,0
50a693975e.png,sub_validation,-0.11343849450349808,3.059497833251953,2.5631701946258545,2.2804348468780518,2.0665369033813477,1.6786285638809204,5564,1
f15c0dcc5b.png,sub_validation,0.09126631915569305,2.3486239910125732,1.5806249380111694,1.5912607908248901,1.3822989463806152,0.8764591813087463,4189,0
b46dba6a09.png,sub_validation,-1.5048784017562866,1.2346549034118652,1.1230610609054565,0.5214723348617554,0.16457338631153107,-2.125494956970215,4934,1
6307b85daf.png,sub_validation,-1.4248123168945312,1.525041103363037,1.2044850587844849,1.046010136604309,0.8082007169723511,-0.9174654483795166,4324,1
2ba60c75ad.png,sub_validation,-0.11102676391601562,2.0262086391448975,1.945594310760498,1.4241435527801514,1.068455457687378,-0.03149353340268135,6374,1
1f30d5d74d.png,sub_validation,0.7781964540481567,2.906045436859131,2.6033828258514404,2.419318437576294,2.0659735202789307,1.8325629234313965,6785,1
a868b908de.png,sub_validation,-0.0034259415697306395,2.0225298404693604,1.35220205783844,0.855442225933075,0.7307336330413818,0.3340596556663513,7112,0
adb50c7522.png,sub_validation,-2.436464309692383,1.3658726215362549,0.4268016517162323,-0.15329095721244812,-0.7781626582145691,-2.6441285610198975,3425,0
d2b42fcdab.png,sub_validation,-2.7605724334716797,1.814966082572937,2.4126672744750977,2.1481621265411377,1.664324402809143,-0.562345027923584,585,0
c38a39278b.png,sub_validation,0.09041094779968262,2.475438356399536,2.381774663925171,1.5298017263412476,1.3409397602081299,0.9538690447807312,456,0
ff2accaaef.png,sub_validation,-0.45735931396484375,2.0141468048095703,1.4496768712997437,1.857832908630371,1.585013508796692,0.6594201922416687,4588,1
0a087002b6.png,sub_validation,-1.0581852197647095,2.6610798835754395,3.7564544677734375,3.690204381942749,3.0978126525878906,0.21258512139320374,4360,1
83911359b4.png,sub_validation,-0.6847914457321167,1.866641879081726,1.6037518978118896,0.9378613233566284,0.6019129753112793,-0.03180888295173645,452,0
3f85559050.png,sub_validation,-0.8598058223724365,2.31937313079834,2.058258295059204,1.3187512159347534,0.999000072479248,-0.8791018724441528,6548,1
88ac0dcefe.png,sub_validation,0.3774349093437195,2.7934529781341553,1.8102422952651978,1.3969168663024902,1.220889925956726,0.957974374294281,81,1
fe6674f748.png,sub_validation,0.0866800919175148,2.499711275100708,2.6568799018859863,2.024453639984131,1.6769622564315796,0.7280483245849609,2379,0
